Type,Timestamp,Subtype,Peer_IP,Peer_ASN,Prefix,AS_Path,Origin,Next_Hop,MED,Local_Pref,Communities,Aggregator_Flag,Aggregator_ASN Aggregator_IP,Label
BGP,2025-10-25 20:22:41.670056,ANNOUNCE,10.125.216.9,2147,203.112.0.0/16,2147,IGP,10.125.216.9,100,200,65535:65281,0,,normal
BGP,2025-10-25 20:22:41.962477,ANNOUNCE,10.69.92.209,2147,203.112.0.0/16,2147,IGP,10.69.92.209,100,200,65535:65281,0,,normal
BGP,2025-10-25 20:22:42.308045,ANNOUNCE,10.208.150.209,2147,203.112.0.0/16,2147,IGP,10.208.150.209,100,200,65535:65281,0,,normal
BGP,2025-10-25 20:22:42.607974,ANNOUNCE,10.146.61.193,2147,203.112.0.0/16,2147,IGP,10.146.61.193,100,200,65535:65281,0,,normal
BGP,2025-10-25 20:22:42.959699,ANNOUNCE,10.109.42.73,2147,203.112.0.0/16,2147,IGP,10.109.42.73,100,200,65535:65281,0,,normal
BGP,2025-10-25 20:22:43.259938,ANNOUNCE,10.125.216.10,4002,203.159.0.0/16,4002,IGP,10.125.216.10,100,200,65535:65281,0,,normal
BGP,2025-10-25 20:22:43.580562,ANNOUNCE,10.156.131.41,4002,203.159.0.0/16,4002,IGP,10.156.131.41,100,200,65535:65281,0,,normal
BGP,2025-10-25 20:22:43.891703,ANNOUNCE,10.220.96.249,4002,203.159.0.0/16,4002,IGP,10.220.96.249,100,200,65535:65281,0,,normal
BGP,2025-10-25 20:22:44.267982,ANNOUNCE,10.156.131.42,14710,198.51.84.0/24,14710,IGP,10.156.131.42,100,200,65535:65281,0,,normal
BGP,2025-10-25 20:22:44.305211,ANNOUNCE,10.156.131.42,14710,198.51.30.0/24,14710,IGP,10.156.131.42,100,200,65535:65281,0,,normal
BGP,2025-10-25 20:22:44.658845,ANNOUNCE,10.69.92.210,14710,198.51.84.0/24,14710,IGP,10.69.92.210,100,200,65535:65281,0,,normal
BGP,2025-10-25 20:22:44.718386,ANNOUNCE,10.69.92.210,14710,198.51.30.0/24,14710,IGP,10.69.92.210,100,200,65535:65281,0,,normal
BGP,2025-10-25 20:22:45.031350,ANNOUNCE,10.22.155.249,14710,198.51.84.0/24,14710,IGP,10.22.155.249,100,200,65535:65281,0,,normal
BGP,2025-10-25 20:22:45.067300,ANNOUNCE,10.22.155.249,14710,198.51.30.0/24,14710,IGP,10.22.155.249,100,200,65535:65281,0,,normal
BGP,2025-10-25 20:22:45.376361,ANNOUNCE,10.200.191.185,14710,198.51.84.0/24,14710,IGP,10.200.191.185,100,200,65535:65281,0,,normal
BGP,2025-10-25 20:22:45.420205,ANNOUNCE,10.200.191.185,14710,198.51.30.0/24,14710,IGP,10.200.191.185,100,200,65535:65281,0,,normal
BGP,2025-10-25 20:22:45.730206,ANNOUNCE,10.247.207.241,14710,198.51.84.0/24,14710,IGP,10.247.207.241,100,200,65535:65281,0,,normal
BGP,2025-10-25 20:22:45.788016,ANNOUNCE,10.247.207.241,14710,198.51.30.0/24,14710,IGP,10.247.207.241,100,200,65535:65281,0,,normal
BGP,2025-10-25 20:22:46.099852,ANNOUNCE,10.158.241.233,14710,198.51.84.0/24,14710,IGP,10.158.241.233,100,200,65535:65281,0,,normal
BGP,2025-10-25 20:22:46.134814,ANNOUNCE,10.158.241.233,14710,198.51.30.0/24,14710,IGP,10.158.241.233,100,200,65535:65281,0,,normal
BGP,2025-10-25 20:22:46.498891,ANNOUNCE,10.208.150.210,18497,198.51.95.0/24,18497,IGP,10.208.150.210,100,200,65535:65281,0,,normal
BGP,2025-10-25 20:22:46.541611,ANNOUNCE,10.208.150.210,18497,198.51.89.0/24,18497,IGP,10.208.150.210,100,200,65535:65281,0,,normal
BGP,2025-10-25 20:22:46.573247,ANNOUNCE,10.208.150.210,18497,198.51.94.0/24,18497,IGP,10.208.150.210,100,200,65535:65281,0,,normal
BGP,2025-10-25 20:22:46.918715,ANNOUNCE,10.21.181.209,18497,198.51.95.0/24,18497,IGP,10.21.181.209,100,200,65535:65281,0,,normal
BGP,2025-10-25 20:22:46.984335,ANNOUNCE,10.21.181.209,18497,198.51.89.0/24,18497,IGP,10.21.181.209,100,200,65535:65281,0,,normal
BGP,2025-10-25 20:22:47.027056,ANNOUNCE,10.21.181.209,18497,198.51.94.0/24,18497,IGP,10.21.181.209,100,200,65535:65281,0,,normal
BGP,2025-10-25 20:22:47.469968,ANNOUNCE,10.255.206.25,18497,198.51.95.0/24,18497,IGP,10.255.206.25,100,200,65535:65281,0,,normal
BGP,2025-10-25 20:22:47.505667,ANNOUNCE,10.255.206.25,18497,198.51.89.0/24,18497,IGP,10.255.206.25,100,200,65535:65281,0,,normal
BGP,2025-10-25 20:22:47.542204,ANNOUNCE,10.255.206.25,18497,198.51.94.0/24,18497,IGP,10.255.206.25,100,200,65535:65281,0,,normal
BGP,2025-10-25 20:22:47.896463,ANNOUNCE,10.220.96.250,15500,198.51.99.0/24,15500,IGP,10.220.96.250,100,200,65535:65281,0,,normal
BGP,2025-10-25 20:22:47.934123,ANNOUNCE,10.220.96.250,15500,198.51.91.0/24,15500,IGP,10.220.96.250,100,200,65535:65281,0,,normal
BGP,2025-10-25 20:22:48.265814,ANNOUNCE,10.146.61.194,15500,198.51.99.0/24,15500,IGP,10.146.61.194,100,200,65535:65281,0,,normal
BGP,2025-10-25 20:22:48.300033,ANNOUNCE,10.146.61.194,15500,198.51.91.0/24,15500,IGP,10.146.61.194,100,200,65535:65281,0,,normal
BGP,2025-10-25 20:22:48.601692,ANNOUNCE,10.104.214.249,15500,198.51.99.0/24,15500,IGP,10.104.214.249,100,200,65535:65281,0,,normal
BGP,2025-10-25 20:22:48.645211,ANNOUNCE,10.104.214.249,15500,198.51.91.0/24,15500,IGP,10.104.214.249,100,200,65535:65281,0,,normal
BGP,2025-10-25 20:22:48.970707,ANNOUNCE,10.118.189.189,15500,198.51.99.0/24,15500,IGP,10.118.189.189,100,200,65535:65281,0,,normal
BGP,2025-10-25 20:22:49.009522,ANNOUNCE,10.118.189.189,15500,198.51.91.0/24,15500,IGP,10.118.189.189,100,200,65535:65281,0,,normal
BGP,2025-10-25 20:22:49.338610,ANNOUNCE,10.38.150.161,15500,198.51.99.0/24,15500,IGP,10.38.150.161,100,200,65535:65281,0,,normal
BGP,2025-10-25 20:22:49.374911,ANNOUNCE,10.38.150.161,15500,198.51.91.0/24,15500,IGP,10.38.150.161,100,200,65535:65281,0,,normal
BGP,2025-10-25 20:22:49.743483,ANNOUNCE,10.10.211.81,15500,198.51.99.0/24,15500,IGP,10.10.211.81,100,200,65535:65281,0,,normal
BGP,2025-10-25 20:22:49.816939,ANNOUNCE,10.10.211.81,15500,198.51.91.0/24,15500,IGP,10.10.211.81,100,200,65535:65281,0,,normal
BGP,2025-10-25 20:22:50.138771,ANNOUNCE,10.86.228.1,15500,198.51.99.0/24,15500,IGP,10.86.228.1,100,200,65535:65281,0,,normal
BGP,2025-10-25 20:22:50.177267,ANNOUNCE,10.86.228.1,15500,198.51.91.0/24,15500,IGP,10.86.228.1,100,200,65535:65281,0,,normal
BGP,2025-10-25 20:22:50.506614,ANNOUNCE,10.22.155.250,35152,203.0.113.0/24,35152,IGP,10.22.155.250,100,200,65535:65281,0,,normal
BGP,2025-10-25 20:22:50.608065,ANNOUNCE,10.22.155.250,35152,198.51.100.0/24,35152,IGP,10.22.155.250,100,200,65535:65281,0,,normal
BGP,2025-10-25 20:22:50.640543,ANNOUNCE,10.22.155.250,35152,192.0.2.0/24,35152,IGP,10.22.155.250,100,200,65535:65281,0,,normal
BGP,2025-10-25 20:22:50.938147,ANNOUNCE,10.54.66.73,35152,203.0.113.0/24,35152,IGP,10.54.66.73,100,200,65535:65281,0,,normal
BGP,2025-10-25 20:22:50.974496,ANNOUNCE,10.54.66.73,35152,198.51.100.0/24,35152,IGP,10.54.66.73,100,200,65535:65281,0,,normal
BGP,2025-10-25 20:22:51.031217,ANNOUNCE,10.54.66.73,35152,192.0.2.0/24,35152,IGP,10.54.66.73,100,200,65535:65281,0,,normal
BGP,2025-10-25 20:22:51.376110,ANNOUNCE,10.65.163.205,35152,203.0.113.0/24,35152,IGP,10.65.163.205,100,200,65535:65281,0,,normal
BGP,2025-10-25 20:22:51.417033,ANNOUNCE,10.65.163.205,35152,198.51.100.0/24,35152,IGP,10.65.163.205,100,200,65535:65281,0,,normal
BGP,2025-10-25 20:22:51.460301,ANNOUNCE,10.65.163.205,35152,192.0.2.0/24,35152,IGP,10.65.163.205,100,200,65535:65281,0,,normal
BGP,2025-10-25 20:22:51.799004,ANNOUNCE,10.21.181.210,39479,192.0.246.0/24,39479,IGP,10.21.181.210,100,200,65535:65281,0,,normal
BGP,2025-10-25 20:22:51.834277,ANNOUNCE,10.21.181.210,39479,192.0.5.0/24,39479,IGP,10.21.181.210,100,200,65535:65281,0,,normal
BGP,2025-10-25 20:22:52.221594,ANNOUNCE,10.104.214.250,39479,192.0.246.0/24,39479,IGP,10.104.214.250,100,200,65535:65281,0,,normal
BGP,2025-10-25 20:22:52.257741,ANNOUNCE,10.104.214.250,39479,192.0.5.0/24,39479,IGP,10.104.214.250,100,200,65535:65281,0,,normal
BGP,2025-10-25 20:22:52.636070,ANNOUNCE,10.65.163.206,39479,192.0.246.0/24,39479,IGP,10.65.163.206,100,200,65535:65281,0,,normal
BGP,2025-10-25 20:22:52.683878,ANNOUNCE,10.65.163.206,39479,192.0.5.0/24,39479,IGP,10.65.163.206,100,200,65535:65281,0,,normal
BGP,2025-10-25 20:22:53.109632,ANNOUNCE,10.200.191.186,41273,192.0.145.0/24,41273,IGP,10.200.191.186,100,200,65535:65281,0,,normal
BGP,2025-10-25 20:22:53.468272,ANNOUNCE,10.118.189.190,41273,192.0.145.0/24,41273,IGP,10.118.189.190,100,200,65535:65281,0,,normal
BGP,2025-10-25 20:22:53.875802,ANNOUNCE,10.38.150.162,37466,192.0.168.0/24,37466,IGP,10.38.150.162,100,200,65535:65281,0,,normal
BGP,2025-10-25 20:22:54.218068,ANNOUNCE,10.247.101.117,37466,192.0.168.0/24,37466,IGP,10.247.101.117,100,200,65535:65281,0,,normal
BGP,2025-10-25 20:22:54.577449,ANNOUNCE,10.247.207.242,52064,198.18.220.0/24,52064,IGP,10.247.207.242,100,200,65535:65281,0,,normal
BGP,2025-10-25 20:22:55.025629,ANNOUNCE,10.255.206.26,52064,198.18.220.0/24,52064,IGP,10.255.206.26,100,200,65535:65281,0,,normal
BGP,2025-10-25 20:22:55.367280,ANNOUNCE,10.10.211.82,52064,198.18.220.0/24,52064,IGP,10.10.211.82,100,200,65535:65281,0,,normal
BGP,2025-10-25 20:22:55.707498,ANNOUNCE,10.247.101.118,52064,198.18.220.0/24,52064,IGP,10.247.101.118,100,200,65535:65281,0,,normal
BGP,2025-10-25 20:22:56.080834,ANNOUNCE,10.54.66.74,52064,198.18.220.0/24,52064,IGP,10.54.66.74,100,200,65535:65281,0,,normal
BGP,2025-10-25 20:22:56.380288,ANNOUNCE,10.109.42.74,56054,198.18.94.0/24,56054,IGP,10.109.42.74,100,200,65535:65281,0,,normal
BGP,2025-10-25 20:22:56.702226,ANNOUNCE,10.158.241.234,56054,198.18.94.0/24,56054,IGP,10.158.241.234,100,200,65535:65281,0,,normal
BGP,2025-10-25 20:22:57.043146,ANNOUNCE,10.86.228.2,56054,198.18.94.0/24,56054,IGP,10.86.228.2,100,200,65535:65281,0,,normal
BGP,2025-10-25 20:22:57.365169,ANNOUNCE,10.65.163.205,35152,203.0.113.0/24,35152,INCOMPLETE,10.65.163.205,100,200,65535:65281,0,,normal
BGP,2025-10-25 20:22:57.400171,ANNOUNCE,10.65.163.205,35152,203.0.113.0/24,35152,IGP,10.65.163.205,100,200,65535:65281,0,,normal
BGP,2025-10-25 20:22:57.452058,ANNOUNCE,10.65.163.205,35152,203.0.113.0/24,35152 35152 35152,IGP,10.65.163.205,100,200,65535:65281,0,,normal
BGP,2025-10-25 20:22:57.485493,ANNOUNCE,10.65.163.205,35152,203.0.113.0/24,"35152 35252 {35352,35353,35354}",IGP,10.65.163.205,100,200,65535:65281,1,35152 192.168.158.1,normal
BGP,2025-10-25 20:22:57.545502,ANNOUNCE,10.65.163.205,35152,192.0.2.0/24,35152,IGP,192.168.158.1,100,200,,0,,normal
BGP,2025-10-25 20:22:57.572857,ANNOUNCE,10.65.163.205,35152,192.0.2.0/24,35152,IGP,100.106.91.1,100,200,,0,,normal
BGP,2025-10-25 20:22:57.601275,ANNOUNCE,10.65.163.205,35152,203.0.113.0/24,35152,IGP,10.65.163.205,100,300,65535:65281,0,,normal
BGP,2025-10-25 20:22:57.634619,ANNOUNCE,10.65.163.205,35152,203.0.113.0/24,35152,IGP,10.65.163.205,100,50,65535:65281,0,,normal
BGP,2025-10-25 20:22:57.683445,ANNOUNCE,10.65.163.205,35152,192.0.2.0/24,35152,IGP,10.65.163.205,100,200,65535:65282,0,,normal
BGP,2025-10-25 20:22:57.721753,ANNOUNCE,10.65.163.205,35152,192.0.2.0/24,35152,IGP,10.65.163.205,100,200,35152:1000,0,,normal
BGP,2025-10-25 20:22:57.764641,ANNOUNCE,10.65.163.205,35152,198.51.100.0/24,35152,IGP,10.65.163.205,100,200,65535:65281,0,,normal
BGP,2025-10-25 20:22:57.788756,ANNOUNCE,10.65.163.205,35152,198.51.100.0/24,35152,IGP,10.65.163.205,100,200,65535:65281,0,,normal
BGP,2025-10-25 20:22:57.834271,ANNOUNCE,10.65.163.205,35152,192.0.2.0/24,35152,IGP,10.65.163.205,100,200,65535:65281,0,,normal
BGP,2025-10-25 20:22:57.883786,ANNOUNCE,10.65.163.205,35152,192.0.2.0/24,35152,IGP,10.65.163.205,100,200,65535:65281,0,,normal
BGP,2025-10-25 20:22:57.934661,ANNOUNCE,10.65.163.205,35152,203.0.113.0/24,35152,IGP,10.65.163.205,100,200,65535:65281,0,,normal
BGP,2025-10-25 20:22:57.969015,ANNOUNCE,10.65.163.205,35152,203.0.113.0/24,35152,IGP,10.65.163.205,100,200,65535:65281,0,,normal
BGP,2025-10-25 20:22:58.011932,ANNOUNCE,10.65.163.205,35152,198.51.100.0/24,35152 18497 41273 2147 14710,IGP,10.65.163.205,100,200,,0,,normal
BGP,2025-10-25 20:22:58.051470,ANNOUNCE,10.65.163.205,35152,198.51.100.0/24,35152,IGP,10.65.163.205,100,200,,0,,normal
BGP,2025-10-25 20:22:58.082707,ANNOUNCE,10.65.163.205,35152,203.0.113.0/24,35152,IGP,10.65.163.205,100,200,65535:65281,0,,normal
BGP,2025-10-25 20:22:58.113548,ANNOUNCE,10.65.163.205,35152,203.0.113.0/24,35152,IGP,10.65.163.205,100,200,,1,35152 192.168.158.1,normal
BGP,2025-10-25 20:22:58.182962,WITHDRAW,10.65.163.205,,203.0.113.0/24,,,,,,,0,,normal
BGP,2025-10-25 20:22:58.182962,WITHDRAW,10.65.163.205,,192.0.2.0/24,,,,,,,0,,normal
BGP,2025-10-25 20:22:58.219546,WITHDRAW_MP_UNREACH_NLRI_AFI2,10.65.163.205,,2001:db8:71::/64,,,,,,,0,,normal
BGP,2025-10-25 20:22:58.219546,WITHDRAW_MP_UNREACH_NLRI_AFI2,10.65.163.205,,2001:db8:2::/64,,,,,,,0,,normal
BGP,2025-10-25 20:22:58.477745,ANNOUNCE,10.65.163.205,35152,203.0.113.0/24,35152,IGP,10.65.163.205,100,200,65535:65281,0,,normal
BGP,2025-10-25 20:22:58.538613,ANNOUNCE,10.65.163.205,35152,198.51.100.0/24,35152,IGP,10.65.163.205,100,200,65535:65281,0,,normal
BGP,2025-10-25 20:22:58.584247,ANNOUNCE,10.65.163.205,35152,192.0.2.0/24,35152,IGP,10.65.163.205,100,200,65535:65281,0,,normal
BGP,2025-10-25 20:22:58.618464,ANNOUNCE,10.65.163.206,39479,192.0.246.0/24,39479,IGP,10.65.163.206,100,200,65535:65281,0,,normal
BGP,2025-10-25 20:22:58.652487,ANNOUNCE,10.65.163.206,39479,192.0.5.0/24,39479,IGP,10.65.163.206,100,200,65535:65281,0,,normal
BGP,2025-10-25 20:22:58.752269,ANNOUNCE,10.125.216.9,2147,203.112.0.0/16,2147,IGP,10.125.216.9,100,200,2147:100,0,,normal
BGP,2025-10-25 20:22:58.752269,ANNOUNCE,10.125.216.9,2147,10.1.0.0/24,2147,IGP,10.125.216.9,100,200,2147:100,0,,normal
BGP,2025-10-25 20:22:58.752269,ANNOUNCE,10.125.216.9,2147,10.1.2.0/24,2147,IGP,10.125.216.9,100,200,2147:100,0,,normal
BGP,2025-10-25 20:22:58.775592,ANNOUNCE,10.125.216.9,2147,10.1.4.0/24,2147,IGP,10.125.216.9,100,200,2147:100,0,,normal
BGP,2025-10-25 20:22:58.775592,ANNOUNCE,10.125.216.9,2147,10.1.6.0/24,2147,IGP,10.125.216.9,100,200,2147:100,0,,normal
BGP,2025-10-25 20:22:58.775592,ANNOUNCE,10.125.216.9,2147,10.1.8.0/24,2147,IGP,10.125.216.9,100,200,2147:100,0,,normal
BGP,2025-10-25 20:22:58.798018,ANNOUNCE,10.125.216.9,2147,10.2.0.0/24,2147,IGP,10.125.216.9,100,200,2147:100,0,,normal
BGP,2025-10-25 20:22:58.798018,ANNOUNCE,10.125.216.9,2147,10.2.2.0/24,2147,IGP,10.125.216.9,100,200,2147:100,0,,normal
BGP,2025-10-25 20:22:58.798018,ANNOUNCE,10.125.216.9,2147,10.2.4.0/24,2147,IGP,10.125.216.9,100,200,2147:100,0,,normal
BGP,2025-10-25 20:22:58.816865,ANNOUNCE,10.125.216.9,2147,10.2.6.0/24,2147,IGP,10.125.216.9,100,200,2147:100,0,,normal
BGP,2025-10-25 20:22:58.816865,ANNOUNCE,10.125.216.9,2147,10.2.8.0/24,2147,IGP,10.125.216.9,100,200,2147:100,0,,normal
BGP,2025-10-25 20:22:58.816865,ANNOUNCE,10.125.216.9,2147,10.3.0.0/24,2147,IGP,10.125.216.9,100,200,2147:100,0,,normal
BGP,2025-10-25 20:22:58.834400,ANNOUNCE,10.125.216.9,2147,10.3.2.0/24,2147,IGP,10.125.216.9,100,200,2147:100,0,,normal
BGP,2025-10-25 20:22:58.834400,ANNOUNCE,10.125.216.9,2147,10.3.4.0/24,2147,IGP,10.125.216.9,100,200,2147:100,0,,normal
BGP,2025-10-25 20:22:58.834400,ANNOUNCE,10.125.216.9,2147,10.3.6.0/24,2147,IGP,10.125.216.9,100,200,2147:100,0,,normal
BGP,2025-10-25 20:22:58.850635,ANNOUNCE,10.125.216.9,2147,10.3.8.0/24,2147,IGP,10.125.216.9,100,200,2147:100,0,,normal
BGP,2025-10-25 20:22:58.850635,ANNOUNCE,10.125.216.9,2147,10.4.0.0/24,2147,IGP,10.125.216.9,100,200,2147:100,0,,normal
BGP,2025-10-25 20:22:58.850635,ANNOUNCE,10.125.216.9,2147,10.4.2.0/24,2147,IGP,10.125.216.9,100,200,2147:100,0,,normal
BGP,2025-10-25 20:22:58.872325,ANNOUNCE,10.125.216.9,2147,10.4.4.0/24,2147,IGP,10.125.216.9,100,200,2147:100,0,,normal
BGP,2025-10-25 20:22:58.872325,ANNOUNCE,10.125.216.9,2147,10.4.6.0/24,2147,IGP,10.125.216.9,100,200,2147:100,0,,normal
BGP,2025-10-25 20:22:58.872325,ANNOUNCE,10.125.216.9,2147,10.4.8.0/24,2147,IGP,10.125.216.9,100,200,2147:100,0,,normal
BGP,2025-10-25 20:22:58.888998,ANNOUNCE,10.125.216.9,2147,10.5.0.0/24,2147,IGP,10.125.216.9,100,200,2147:100,0,,normal
BGP,2025-10-25 20:22:58.888998,ANNOUNCE,10.125.216.9,2147,10.5.2.0/24,2147,IGP,10.125.216.9,100,200,2147:100,0,,normal
BGP,2025-10-25 20:22:58.888998,ANNOUNCE,10.125.216.9,2147,10.5.4.0/24,2147,IGP,10.125.216.9,100,200,2147:100,0,,normal
BGP,2025-10-25 20:22:58.906488,ANNOUNCE,10.125.216.9,2147,10.5.6.0/24,2147,IGP,10.125.216.9,100,200,2147:100,0,,normal
BGP,2025-10-25 20:22:58.906488,ANNOUNCE,10.125.216.9,2147,10.5.8.0/24,2147,IGP,10.125.216.9,100,200,2147:100,0,,normal
BGP,2025-10-25 20:22:58.906488,ANNOUNCE,10.125.216.9,2147,10.6.0.0/24,2147,IGP,10.125.216.9,100,200,2147:100,0,,normal
BGP,2025-10-25 20:22:58.933429,ANNOUNCE,10.125.216.9,2147,10.6.2.0/24,2147,IGP,10.125.216.9,100,200,2147:100,0,,normal
BGP,2025-10-25 20:22:58.933429,ANNOUNCE,10.125.216.9,2147,10.6.4.0/24,2147,IGP,10.125.216.9,100,200,2147:100,0,,normal
BGP,2025-10-25 20:22:58.933429,ANNOUNCE,10.125.216.9,2147,10.6.6.0/24,2147,IGP,10.125.216.9,100,200,2147:100,0,,normal
BGP,2025-10-25 20:22:58.950590,ANNOUNCE,10.125.216.9,2147,10.6.8.0/24,2147,IGP,10.125.216.9,100,200,2147:100,0,,normal
BGP,2025-10-25 20:22:58.950590,ANNOUNCE,10.125.216.9,2147,10.7.0.0/24,2147,IGP,10.125.216.9,100,200,2147:100,0,,normal
BGP,2025-10-25 20:22:58.950590,ANNOUNCE,10.125.216.9,2147,10.7.2.0/24,2147,IGP,10.125.216.9,100,200,2147:100,0,,normal
BGP,2025-10-25 20:22:58.969466,ANNOUNCE,10.125.216.9,2147,10.7.4.0/24,2147,IGP,10.125.216.9,100,200,2147:100,0,,normal
BGP,2025-10-25 20:22:58.969466,ANNOUNCE,10.125.216.9,2147,10.7.6.0/24,2147,IGP,10.125.216.9,100,200,2147:100,0,,normal
BGP,2025-10-25 20:22:58.969466,ANNOUNCE,10.125.216.9,2147,10.7.8.0/24,2147,IGP,10.125.216.9,100,200,2147:100,0,,normal
BGP,2025-10-25 20:22:58.984580,ANNOUNCE,10.125.216.9,2147,10.8.0.0/24,2147,IGP,10.125.216.9,100,200,2147:100,0,,normal
BGP,2025-10-25 20:22:58.984580,ANNOUNCE,10.125.216.9,2147,10.8.2.0/24,2147,IGP,10.125.216.9,100,200,2147:100,0,,normal
BGP,2025-10-25 20:22:58.984580,ANNOUNCE,10.125.216.9,2147,10.8.4.0/24,2147,IGP,10.125.216.9,100,200,2147:100,0,,normal
BGP,2025-10-25 20:22:59.002566,ANNOUNCE,10.125.216.9,2147,10.8.6.0/24,2147,IGP,10.125.216.9,100,200,2147:100,0,,normal
BGP,2025-10-25 20:22:59.002566,ANNOUNCE,10.125.216.9,2147,10.8.8.0/24,2147,IGP,10.125.216.9,100,200,2147:100,0,,normal
BGP,2025-10-25 20:22:59.002566,ANNOUNCE,10.125.216.9,2147,10.9.0.0/24,2147,IGP,10.125.216.9,100,200,2147:100,0,,normal
BGP,2025-10-25 20:22:59.025633,ANNOUNCE,10.125.216.9,2147,10.9.2.0/24,2147,IGP,10.125.216.9,100,200,2147:100,0,,normal
BGP,2025-10-25 20:22:59.025633,ANNOUNCE,10.125.216.9,2147,10.9.4.0/24,2147,IGP,10.125.216.9,100,200,2147:100,0,,normal
BGP,2025-10-25 20:22:59.025633,ANNOUNCE,10.125.216.9,2147,10.9.6.0/24,2147,IGP,10.125.216.9,100,200,2147:100,0,,normal
BGP,2025-10-25 20:22:59.044228,ANNOUNCE,10.125.216.9,2147,10.9.8.0/24,2147,IGP,10.125.216.9,100,200,2147:100,0,,normal
BGP,2025-10-25 20:22:59.044228,ANNOUNCE,10.125.216.9,2147,10.10.0.0/24,2147,IGP,10.125.216.9,100,200,2147:100,0,,normal
BGP,2025-10-25 20:22:59.044228,ANNOUNCE,10.125.216.9,2147,10.10.2.0/24,2147,IGP,10.125.216.9,100,200,2147:100,0,,normal
BGP,2025-10-25 20:22:59.060714,ANNOUNCE,10.125.216.9,2147,10.10.4.0/24,2147,IGP,10.125.216.9,100,200,2147:100,0,,normal
BGP,2025-10-25 20:22:59.060714,ANNOUNCE,10.125.216.9,2147,10.10.6.0/24,2147,IGP,10.125.216.9,100,200,2147:100,0,,normal
BGP,2025-10-25 20:22:59.060714,ANNOUNCE,10.125.216.9,2147,10.10.8.0/24,2147,IGP,10.125.216.9,100,200,2147:100,0,,normal
BGP,2025-10-25 20:22:59.077394,ANNOUNCE,10.125.216.9,2147,10.11.0.0/24,2147,IGP,10.125.216.9,100,200,2147:100,0,,normal
BGP,2025-10-25 20:22:59.077394,ANNOUNCE,10.125.216.9,2147,10.11.2.0/24,2147,IGP,10.125.216.9,100,200,2147:100,0,,normal
BGP,2025-10-25 20:22:59.077394,ANNOUNCE,10.125.216.9,2147,10.11.4.0/24,2147,IGP,10.125.216.9,100,200,2147:100,0,,normal
BGP,2025-10-25 20:22:59.094085,ANNOUNCE,10.125.216.9,2147,10.11.6.0/24,2147,IGP,10.125.216.9,100,200,2147:100,0,,normal
BGP,2025-10-25 20:22:59.094085,ANNOUNCE,10.125.216.9,2147,10.11.8.0/24,2147,IGP,10.125.216.9,100,200,2147:100,0,,normal
BGP,2025-10-25 20:22:59.094085,ANNOUNCE,10.125.216.9,2147,10.12.0.0/24,2147,IGP,10.125.216.9,100,200,2147:100,0,,normal
BGP,2025-10-25 20:22:59.125605,ANNOUNCE,10.125.216.9,2147,10.12.2.0/24,2147,IGP,10.125.216.9,100,200,2147:100,0,,normal
BGP,2025-10-25 20:22:59.125605,ANNOUNCE,10.125.216.9,2147,10.12.4.0/24,2147,IGP,10.125.216.9,100,200,2147:100,0,,normal
BGP,2025-10-25 20:22:59.125605,ANNOUNCE,10.125.216.9,2147,10.12.6.0/24,2147,IGP,10.125.216.9,100,200,2147:100,0,,normal
BGP,2025-10-25 20:22:59.145767,ANNOUNCE,10.125.216.9,2147,10.12.8.0/24,2147,IGP,10.125.216.9,100,200,2147:100,0,,normal
BGP,2025-10-25 20:22:59.145767,ANNOUNCE,10.125.216.9,2147,10.13.0.0/24,2147,IGP,10.125.216.9,100,200,2147:100,0,,normal
BGP,2025-10-25 20:22:59.145767,ANNOUNCE,10.125.216.9,2147,10.13.2.0/24,2147,IGP,10.125.216.9,100,200,2147:100,0,,normal
BGP,2025-10-25 20:22:59.163267,ANNOUNCE,10.125.216.9,2147,10.13.4.0/24,2147,IGP,10.125.216.9,100,200,2147:100,0,,normal
BGP,2025-10-25 20:22:59.163267,ANNOUNCE,10.125.216.9,2147,10.13.6.0/24,2147,IGP,10.125.216.9,100,200,2147:100,0,,normal
BGP,2025-10-25 20:22:59.163267,ANNOUNCE,10.125.216.9,2147,10.13.8.0/24,2147,IGP,10.125.216.9,100,200,2147:100,0,,normal
BGP,2025-10-25 20:22:59.188669,ANNOUNCE,10.125.216.9,2147,10.14.0.0/24,2147,IGP,10.125.216.9,100,200,2147:100,0,,normal
BGP,2025-10-25 20:22:59.188669,ANNOUNCE,10.125.216.9,2147,10.14.2.0/24,2147,IGP,10.125.216.9,100,200,2147:100,0,,normal
BGP,2025-10-25 20:22:59.188669,ANNOUNCE,10.125.216.9,2147,10.14.4.0/24,2147,IGP,10.125.216.9,100,200,2147:100,0,,normal
BGP,2025-10-25 20:22:59.207687,ANNOUNCE,10.125.216.9,2147,10.14.6.0/24,2147,IGP,10.125.216.9,100,200,2147:100,0,,normal
BGP,2025-10-25 20:22:59.207687,ANNOUNCE,10.125.216.9,2147,10.14.8.0/24,2147,IGP,10.125.216.9,100,200,2147:100,0,,normal
BGP,2025-10-25 20:22:59.207687,ANNOUNCE,10.125.216.9,2147,192.168.1.0/24,2147,IGP,10.125.216.9,100,200,2147:100,0,,normal
BGP,2025-10-25 20:22:59.236282,ANNOUNCE,10.125.216.9,2147,192.168.2.0/24,2147,IGP,10.125.216.9,100,200,2147:100,0,,normal
BGP,2025-10-25 20:22:59.236282,ANNOUNCE,10.125.216.9,2147,192.168.3.0/24,2147,IGP,10.125.216.9,100,200,2147:100,0,,normal
BGP,2025-10-25 20:22:59.236282,ANNOUNCE,10.125.216.9,2147,192.168.4.0/24,2147,IGP,10.125.216.9,100,200,2147:100,0,,normal
BGP,2025-10-25 20:22:59.258806,ANNOUNCE,10.125.216.9,2147,192.168.5.0/24,2147,IGP,10.125.216.9,100,200,2147:100,0,,normal
BGP,2025-10-25 20:22:59.258806,ANNOUNCE,10.125.216.9,2147,192.168.6.0/24,2147,IGP,10.125.216.9,100,200,2147:100,0,,normal
BGP,2025-10-25 20:22:59.258806,ANNOUNCE,10.125.216.9,2147,192.168.7.0/24,2147,IGP,10.125.216.9,100,200,2147:100,0,,normal
BGP,2025-10-25 20:22:59.277351,ANNOUNCE,10.125.216.9,2147,192.168.8.0/24,2147,IGP,10.125.216.9,100,200,2147:100,0,,normal
BGP,2025-10-25 20:22:59.277351,ANNOUNCE,10.125.216.9,2147,192.168.9.0/24,2147,IGP,10.125.216.9,100,200,2147:100,0,,normal
BGP,2025-10-25 20:22:59.277351,ANNOUNCE,10.125.216.9,2147,192.168.10.0/24,2147,IGP,10.125.216.9,100,200,2147:100,0,,normal
BGP,2025-10-25 20:22:59.324567,ANNOUNCE,10.125.216.9,2147,192.168.11.0/24,2147,IGP,10.125.216.9,100,200,2147:100,0,,normal
BGP,2025-10-25 20:22:59.324567,ANNOUNCE,10.125.216.9,2147,192.168.12.0/24,2147,IGP,10.125.216.9,100,200,2147:100,0,,normal
BGP,2025-10-25 20:22:59.324567,ANNOUNCE,10.125.216.9,2147,192.168.13.0/24,2147,IGP,10.125.216.9,100,200,2147:100,0,,normal
BGP,2025-10-25 20:22:59.366292,ANNOUNCE,10.125.216.9,2147,192.168.14.0/24,2147,IGP,10.125.216.9,100,200,2147:100,0,,normal
BGP,2025-10-25 20:22:59.399843,WITHDRAW,10.125.216.9,,10.4.8.0/24,,,,,,,0,,normal
BGP,2025-10-25 20:22:59.399843,WITHDRAW,10.125.216.9,,10.4.0.0/24,,,,,,,0,,normal
BGP,2025-10-25 20:22:59.399843,WITHDRAW,10.125.216.9,,192.168.3.0/24,,,,,,,0,,normal
BGP,2025-10-25 20:22:59.415900,WITHDRAW,10.125.216.9,,10.9.2.0/24,,,,,,,0,,normal
BGP,2025-10-25 20:22:59.415900,WITHDRAW,10.125.216.9,,10.6.0.0/24,,,,,,,0,,normal
BGP,2025-10-25 20:22:59.415900,WITHDRAW,10.125.216.9,,192.168.1.0/24,,,,,,,0,,normal
BGP,2025-10-25 20:22:59.437019,WITHDRAW,10.125.216.9,,192.168.4.0/24,,,,,,,0,,normal
BGP,2025-10-25 20:22:59.437019,WITHDRAW,10.125.216.9,,192.168.11.0/24,,,,,,,0,,normal
BGP,2025-10-25 20:22:59.437019,WITHDRAW,10.125.216.9,,203.112.0.0/16,,,,,,,0,,normal
BGP,2025-10-25 20:22:59.452744,WITHDRAW,10.125.216.9,,10.7.0.0/24,,,,,,,0,,normal
BGP,2025-10-25 20:22:59.452744,WITHDRAW,10.125.216.9,,192.168.10.0/24,,,,,,,0,,normal
BGP,2025-10-25 20:22:59.452744,WITHDRAW,10.125.216.9,,10.2.2.0/24,,,,,,,0,,normal
BGP,2025-10-25 20:22:59.476265,WITHDRAW,10.125.216.9,,10.8.2.0/24,,,,,,,0,,normal
BGP,2025-10-25 20:22:59.476265,WITHDRAW,10.125.216.9,,10.5.8.0/24,,,,,,,0,,normal
BGP,2025-10-25 20:22:59.476265,WITHDRAW,10.125.216.9,,10.14.4.0/24,,,,,,,0,,normal
BGP,2025-10-25 20:22:59.511195,WITHDRAW,10.125.216.9,,10.6.8.0/24,,,,,,,0,,normal
BGP,2025-10-25 20:22:59.511195,WITHDRAW,10.125.216.9,,10.1.6.0/24,,,,,,,0,,normal
BGP,2025-10-25 20:23:00.207216,ANNOUNCE,10.51.90.5,39224,203.0.113.0/24,39224,IGP,10.51.90.5,100,300,,0,,prefix_hijacking
BGP,2025-10-25 20:23:00.210522,ANNOUNCE,10.51.90.5,39224,198.51.100.0/24,39224,IGP,10.51.90.5,100,300,,0,,prefix_hijacking
BGP,2025-10-25 20:23:00.213824,ANNOUNCE,10.51.90.5,39224,192.0.2.0/24,39224,IGP,10.51.90.5,100,300,,0,,prefix_hijacking
BGP,2025-10-25 20:23:00.216643,ANNOUNCE,10.51.90.5,39224,203.0.113.0/24,39224,IGP,10.51.90.5,100,300,,0,,prefix_hijacking
BGP,2025-10-25 20:23:00.219865,ANNOUNCE,10.51.90.5,39224,198.51.100.0/24,39224,IGP,10.51.90.5,100,300,,0,,prefix_hijacking
BGP,2025-10-25 20:23:00.222683,ANNOUNCE,10.51.90.5,39224,192.0.2.0/24,39224,IGP,10.51.90.5,100,300,,0,,prefix_hijacking
BGP,2025-10-25 20:23:00.225662,ANNOUNCE,10.51.90.5,39224,203.0.113.0/24,39224,IGP,10.51.90.5,100,300,,0,,prefix_hijacking
BGP,2025-10-25 20:23:00.228940,ANNOUNCE,10.51.90.5,39224,198.51.100.0/24,39224,IGP,10.51.90.5,100,300,,0,,prefix_hijacking
BGP,2025-10-25 20:23:00.231756,ANNOUNCE,10.51.90.5,39224,192.0.2.0/24,39224,IGP,10.51.90.5,100,300,,0,,prefix_hijacking
BGP,2025-10-25 20:23:00.234769,ANNOUNCE,10.51.90.5,39224,203.0.113.0/24,39224,IGP,10.51.90.5,100,300,,0,,prefix_hijacking
BGP,2025-10-25 20:23:00.237588,ANNOUNCE,10.51.90.5,39224,198.51.100.0/24,39224,IGP,10.51.90.5,100,300,,0,,prefix_hijacking
BGP,2025-10-25 20:23:00.240467,ANNOUNCE,10.51.90.5,39224,192.0.2.0/24,39224,IGP,10.51.90.5,100,300,,0,,prefix_hijacking
BGP,2025-10-25 20:23:00.243358,ANNOUNCE,10.51.90.5,39224,203.0.113.0/24,39224,IGP,10.51.90.5,100,300,,0,,prefix_hijacking
BGP,2025-10-25 20:23:00.246477,ANNOUNCE,10.51.90.5,39224,198.51.100.0/24,39224,IGP,10.51.90.5,100,300,,0,,prefix_hijacking
BGP,2025-10-25 20:23:00.249406,ANNOUNCE,10.51.90.5,39224,192.0.2.0/24,39224,IGP,10.51.90.5,100,300,,0,,prefix_hijacking
BGP,2025-10-25 20:23:00.252400,ANNOUNCE,10.51.90.5,39224,203.0.113.0/24,39224,IGP,10.51.90.5,100,300,,0,,prefix_hijacking
BGP,2025-10-25 20:23:00.255240,ANNOUNCE,10.51.90.5,39224,198.51.100.0/24,39224,IGP,10.51.90.5,100,300,,0,,prefix_hijacking
BGP,2025-10-25 20:23:00.258095,ANNOUNCE,10.51.90.5,39224,192.0.2.0/24,39224,IGP,10.51.90.5,100,300,,0,,prefix_hijacking
BGP,2025-10-25 20:23:00.260978,ANNOUNCE,10.51.90.5,39224,203.0.113.0/24,39224,IGP,10.51.90.5,100,300,,0,,prefix_hijacking
BGP,2025-10-25 20:23:00.263921,ANNOUNCE,10.51.90.5,39224,198.51.100.0/24,39224,IGP,10.51.90.5,100,300,,0,,prefix_hijacking
BGP,2025-10-25 20:23:00.266896,ANNOUNCE,10.51.90.5,39224,192.0.2.0/24,39224,IGP,10.51.90.5,100,300,,0,,prefix_hijacking
BGP,2025-10-25 20:23:00.269887,ANNOUNCE,10.51.90.5,39224,203.0.113.0/24,39224,IGP,10.51.90.5,100,300,,0,,prefix_hijacking
BGP,2025-10-25 20:23:00.272850,ANNOUNCE,10.51.90.5,39224,198.51.100.0/24,39224,IGP,10.51.90.5,100,300,,0,,prefix_hijacking
BGP,2025-10-25 20:23:00.275812,ANNOUNCE,10.51.90.5,39224,192.0.2.0/24,39224,IGP,10.51.90.5,100,300,,0,,prefix_hijacking
BGP,2025-10-25 20:23:00.278740,ANNOUNCE,10.51.90.5,39224,203.0.113.0/24,39224,IGP,10.51.90.5,100,300,,0,,prefix_hijacking
BGP,2025-10-25 20:23:00.281674,ANNOUNCE,10.51.90.5,39224,198.51.100.0/24,39224,IGP,10.51.90.5,100,300,,0,,prefix_hijacking
BGP,2025-10-25 20:23:00.284640,ANNOUNCE,10.51.90.5,39224,192.0.2.0/24,39224,IGP,10.51.90.5,100,300,,0,,prefix_hijacking
BGP,2025-10-25 20:23:00.287722,ANNOUNCE,10.51.90.5,39224,203.0.113.0/24,39224,IGP,10.51.90.5,100,300,,0,,prefix_hijacking
BGP,2025-10-25 20:23:00.290742,ANNOUNCE,10.51.90.5,39224,198.51.100.0/24,39224,IGP,10.51.90.5,100,300,,0,,prefix_hijacking
BGP,2025-10-25 20:23:00.293624,ANNOUNCE,10.51.90.5,39224,192.0.2.0/24,39224,IGP,10.51.90.5,100,300,,0,,prefix_hijacking
BGP,2025-10-25 20:23:00.296411,ANNOUNCE,10.51.90.5,39224,203.0.113.0/24,39224,IGP,10.51.90.5,100,300,,0,,prefix_hijacking
BGP,2025-10-25 20:23:00.299233,ANNOUNCE,10.51.90.5,39224,198.51.100.0/24,39224,IGP,10.51.90.5,100,300,,0,,prefix_hijacking
BGP,2025-10-25 20:23:00.302064,ANNOUNCE,10.51.90.5,39224,192.0.2.0/24,39224,IGP,10.51.90.5,100,300,,0,,prefix_hijacking
BGP,2025-10-25 20:23:00.598939,ANNOUNCE,10.51.90.5,39224,203.0.113.0/24,39224 47066,IGP,10.51.90.5,100,300,,0,,path_manipulation
BGP,2025-10-25 20:23:00.601823,ANNOUNCE,10.51.90.5,39224,198.51.100.0/24,39224 47066,IGP,10.51.90.5,100,300,,0,,path_manipulation
BGP,2025-10-25 20:23:00.604620,ANNOUNCE,10.51.90.5,39224,192.0.2.0/24,39224 47066,IGP,10.51.90.5,100,300,,0,,path_manipulation
BGP,2025-10-25 20:23:00.607564,ANNOUNCE,10.51.90.5,39224,203.0.113.0/24,39224 47066,IGP,10.51.90.5,100,300,,0,,path_manipulation
BGP,2025-10-25 20:23:00.610454,ANNOUNCE,10.51.90.5,39224,198.51.100.0/24,39224 47066,IGP,10.51.90.5,100,300,,0,,path_manipulation
BGP,2025-10-25 20:23:00.613405,ANNOUNCE,10.51.90.5,39224,192.0.2.0/24,39224 47066,IGP,10.51.90.5,100,300,,0,,path_manipulation
BGP,2025-10-25 20:23:00.616320,ANNOUNCE,10.51.90.5,39224,203.0.113.0/24,39224 47066,IGP,10.51.90.5,100,300,,0,,path_manipulation
BGP,2025-10-25 20:23:00.619167,ANNOUNCE,10.51.90.5,39224,198.51.100.0/24,39224 47066,IGP,10.51.90.5,100,300,,0,,path_manipulation
BGP,2025-10-25 20:23:00.622003,ANNOUNCE,10.51.90.5,39224,192.0.2.0/24,39224 47066,IGP,10.51.90.5,100,300,,0,,path_manipulation
BGP,2025-10-25 20:23:00.624898,ANNOUNCE,10.51.90.5,39224,203.0.113.0/24,39224 47066,IGP,10.51.90.5,100,300,,0,,path_manipulation
BGP,2025-10-25 20:23:00.627875,ANNOUNCE,10.51.90.5,39224,198.51.100.0/24,39224 47066,IGP,10.51.90.5,100,300,,0,,path_manipulation
BGP,2025-10-25 20:23:00.630671,ANNOUNCE,10.51.90.5,39224,192.0.2.0/24,39224 47066,IGP,10.51.90.5,100,300,,0,,path_manipulation
BGP,2025-10-25 20:23:00.633480,ANNOUNCE,10.51.90.5,39224,203.0.113.0/24,39224 47066,IGP,10.51.90.5,100,300,,0,,path_manipulation
BGP,2025-10-25 20:23:00.636320,ANNOUNCE,10.51.90.5,39224,198.51.100.0/24,39224 47066,IGP,10.51.90.5,100,300,,0,,path_manipulation
BGP,2025-10-25 20:23:00.639141,ANNOUNCE,10.51.90.5,39224,192.0.2.0/24,39224 47066,IGP,10.51.90.5,100,300,,0,,path_manipulation
BGP,2025-10-25 20:23:00.642018,ANNOUNCE,10.51.90.5,39224,203.0.113.0/24,39224 47066,IGP,10.51.90.5,100,300,,0,,path_manipulation
BGP,2025-10-25 20:23:00.644839,ANNOUNCE,10.51.90.5,39224,198.51.100.0/24,39224 47066,IGP,10.51.90.5,100,300,,0,,path_manipulation
BGP,2025-10-25 20:23:00.647629,ANNOUNCE,10.51.90.5,39224,192.0.2.0/24,39224 47066,IGP,10.51.90.5,100,300,,0,,path_manipulation
BGP,2025-10-25 20:23:00.650502,ANNOUNCE,10.51.90.5,39224,203.0.113.0/24,39224 47066,IGP,10.51.90.5,100,300,,0,,path_manipulation
BGP,2025-10-25 20:23:00.653509,ANNOUNCE,10.51.90.5,39224,198.51.100.0/24,39224 47066,IGP,10.51.90.5,100,300,,0,,path_manipulation
BGP,2025-10-25 20:23:00.656420,ANNOUNCE,10.51.90.5,39224,192.0.2.0/24,39224 47066,IGP,10.51.90.5,100,300,,0,,path_manipulation
BGP,2025-10-25 20:23:00.659292,ANNOUNCE,10.51.90.5,39224,203.0.113.0/24,39224 47066,IGP,10.51.90.5,100,300,,0,,path_manipulation
BGP,2025-10-25 20:23:00.662091,ANNOUNCE,10.51.90.5,39224,198.51.100.0/24,39224 47066,IGP,10.51.90.5,100,300,,0,,path_manipulation
BGP,2025-10-25 20:23:00.664902,ANNOUNCE,10.51.90.5,39224,192.0.2.0/24,39224 47066,IGP,10.51.90.5,100,300,,0,,path_manipulation
BGP,2025-10-25 20:23:00.667775,ANNOUNCE,10.51.90.5,39224,203.0.113.0/24,39224 47066,IGP,10.51.90.5,100,300,,0,,path_manipulation
BGP,2025-10-25 20:23:00.670551,ANNOUNCE,10.51.90.5,39224,198.51.100.0/24,39224 47066,IGP,10.51.90.5,100,300,,0,,path_manipulation
BGP,2025-10-25 20:23:00.673369,ANNOUNCE,10.51.90.5,39224,192.0.2.0/24,39224 47066,IGP,10.51.90.5,100,300,,0,,path_manipulation
BGP,2025-10-25 20:23:00.676292,ANNOUNCE,10.51.90.5,39224,203.0.113.0/24,39224 47066,IGP,10.51.90.5,100,300,,0,,path_manipulation
BGP,2025-10-25 20:23:00.679039,ANNOUNCE,10.51.90.5,39224,198.51.100.0/24,39224 47066,IGP,10.51.90.5,100,300,,0,,path_manipulation
BGP,2025-10-25 20:23:00.681861,ANNOUNCE,10.51.90.5,39224,192.0.2.0/24,39224 47066,IGP,10.51.90.5,100,300,,0,,path_manipulation
BGP,2025-10-25 20:23:00.684765,ANNOUNCE,10.51.90.5,39224,203.0.113.0/24,39224 47066,IGP,10.51.90.5,100,300,,0,,path_manipulation
BGP,2025-10-25 20:23:00.687685,ANNOUNCE,10.51.90.5,39224,198.51.100.0/24,39224 47066,IGP,10.51.90.5,100,300,,0,,path_manipulation
BGP,2025-10-25 20:23:00.690621,ANNOUNCE,10.51.90.5,39224,192.0.2.0/24,39224 47066,IGP,10.51.90.5,100,300,,0,,path_manipulation
BGP,2025-10-25 20:23:01.112278,ANNOUNCE,10.39.22.4,39224,192.168.0.0/32,39224,IGP,10.39.22.4,,,,0,,dos_attack
BGP,2025-10-25 20:23:01.113158,ANNOUNCE,10.39.22.4,39224,192.168.0.1/32,39224,IGP,10.39.22.4,,,,0,,dos_attack
BGP,2025-10-25 20:23:01.114114,ANNOUNCE,10.39.22.4,39224,192.168.0.2/32,39224,IGP,10.39.22.4,,,,0,,dos_attack
BGP,2025-10-25 20:23:01.114980,ANNOUNCE,10.39.22.4,39224,192.168.0.3/32,39224,IGP,10.39.22.4,,,,0,,dos_attack
BGP,2025-10-25 20:23:01.115867,ANNOUNCE,10.39.22.4,39224,192.168.0.4/32,39224,IGP,10.39.22.4,,,,0,,dos_attack
BGP,2025-10-25 20:23:01.116748,ANNOUNCE,10.39.22.4,39224,192.168.0.5/32,39224,IGP,10.39.22.4,,,,0,,dos_attack
BGP,2025-10-25 20:23:01.117851,ANNOUNCE,10.39.22.4,39224,192.168.0.6/32,39224,IGP,10.39.22.4,,,,0,,dos_attack
BGP,2025-10-25 20:23:01.118717,ANNOUNCE,10.39.22.4,39224,192.168.0.7/32,39224,IGP,10.39.22.4,,,,0,,dos_attack
BGP,2025-10-25 20:23:01.119574,ANNOUNCE,10.39.22.4,39224,192.168.0.8/32,39224,IGP,10.39.22.4,,,,0,,dos_attack
BGP,2025-10-25 20:23:01.120501,ANNOUNCE,10.39.22.4,39224,192.168.0.9/32,39224,IGP,10.39.22.4,,,,0,,dos_attack
BGP,2025-10-25 20:23:01.121363,ANNOUNCE,10.39.22.4,39224,192.168.0.10/32,39224,IGP,10.39.22.4,,,,0,,dos_attack
BGP,2025-10-25 20:23:01.122240,ANNOUNCE,10.39.22.4,39224,192.168.0.11/32,39224,IGP,10.39.22.4,,,,0,,dos_attack
BGP,2025-10-25 20:23:01.123103,ANNOUNCE,10.39.22.4,39224,192.168.0.12/32,39224,IGP,10.39.22.4,,,,0,,dos_attack
BGP,2025-10-25 20:23:01.124036,ANNOUNCE,10.39.22.4,39224,192.168.0.13/32,39224,IGP,10.39.22.4,,,,0,,dos_attack
BGP,2025-10-25 20:23:01.124914,ANNOUNCE,10.39.22.4,39224,192.168.0.14/32,39224,IGP,10.39.22.4,,,,0,,dos_attack
BGP,2025-10-25 20:23:01.125840,ANNOUNCE,10.39.22.4,39224,192.168.0.15/32,39224,IGP,10.39.22.4,,,,0,,dos_attack
BGP,2025-10-25 20:23:01.126772,ANNOUNCE,10.39.22.4,39224,192.168.0.16/32,39224,IGP,10.39.22.4,,,,0,,dos_attack
BGP,2025-10-25 20:23:01.127720,ANNOUNCE,10.39.22.4,39224,192.168.0.17/32,39224,IGP,10.39.22.4,,,,0,,dos_attack
BGP,2025-10-25 20:23:01.128589,ANNOUNCE,10.39.22.4,39224,192.168.0.18/32,39224,IGP,10.39.22.4,,,,0,,dos_attack
BGP,2025-10-25 20:23:01.129503,ANNOUNCE,10.39.22.4,39224,192.168.0.19/32,39224,IGP,10.39.22.4,,,,0,,dos_attack
BGP,2025-10-25 20:23:01.130357,ANNOUNCE,10.39.22.4,39224,192.168.0.20/32,39224,IGP,10.39.22.4,,,,0,,dos_attack
BGP,2025-10-25 20:23:01.131218,ANNOUNCE,10.39.22.4,39224,192.168.0.21/32,39224,IGP,10.39.22.4,,,,0,,dos_attack
BGP,2025-10-25 20:23:01.132091,ANNOUNCE,10.39.22.4,39224,192.168.0.22/32,39224,IGP,10.39.22.4,,,,0,,dos_attack
BGP,2025-10-25 20:23:01.133040,ANNOUNCE,10.39.22.4,39224,192.168.0.23/32,39224,IGP,10.39.22.4,,,,0,,dos_attack
BGP,2025-10-25 20:23:01.133945,ANNOUNCE,10.39.22.4,39224,192.168.0.24/32,39224,IGP,10.39.22.4,,,,0,,dos_attack
BGP,2025-10-25 20:23:01.134848,ANNOUNCE,10.39.22.4,39224,192.168.0.25/32,39224,IGP,10.39.22.4,,,,0,,dos_attack
BGP,2025-10-25 20:23:01.135788,ANNOUNCE,10.39.22.4,39224,192.168.0.26/32,39224,IGP,10.39.22.4,,,,0,,dos_attack
BGP,2025-10-25 20:23:01.136686,ANNOUNCE,10.39.22.4,39224,192.168.0.27/32,39224,IGP,10.39.22.4,,,,0,,dos_attack
BGP,2025-10-25 20:23:01.137573,ANNOUNCE,10.39.22.4,39224,192.168.0.28/32,39224,IGP,10.39.22.4,,,,0,,dos_attack
BGP,2025-10-25 20:23:01.138460,ANNOUNCE,10.39.22.4,39224,192.168.0.29/32,39224,IGP,10.39.22.4,,,,0,,dos_attack
BGP,2025-10-25 20:23:01.139599,ANNOUNCE,10.39.22.4,39224,192.168.0.30/32,39224,IGP,10.39.22.4,,,,0,,dos_attack
BGP,2025-10-25 20:23:01.140483,ANNOUNCE,10.39.22.4,39224,192.168.0.31/32,39224,IGP,10.39.22.4,,,,0,,dos_attack
BGP,2025-10-25 20:23:01.141391,ANNOUNCE,10.39.22.4,39224,192.168.0.32/32,39224,IGP,10.39.22.4,,,,0,,dos_attack
BGP,2025-10-25 20:23:01.142415,ANNOUNCE,10.39.22.4,39224,192.168.0.33/32,39224,IGP,10.39.22.4,,,,0,,dos_attack
BGP,2025-10-25 20:23:01.143305,ANNOUNCE,10.39.22.4,39224,192.168.0.34/32,39224,IGP,10.39.22.4,,,,0,,dos_attack
BGP,2025-10-25 20:23:01.144205,ANNOUNCE,10.39.22.4,39224,192.168.0.35/32,39224,IGP,10.39.22.4,,,,0,,dos_attack
BGP,2025-10-25 20:23:01.145095,ANNOUNCE,10.39.22.4,39224,192.168.0.36/32,39224,IGP,10.39.22.4,,,,0,,dos_attack
BGP,2025-10-25 20:23:01.146043,ANNOUNCE,10.39.22.4,39224,192.168.0.37/32,39224,IGP,10.39.22.4,,,,0,,dos_attack
BGP,2025-10-25 20:23:01.146938,ANNOUNCE,10.39.22.4,39224,192.168.0.38/32,39224,IGP,10.39.22.4,,,,0,,dos_attack
BGP,2025-10-25 20:23:01.147837,ANNOUNCE,10.39.22.4,39224,192.168.0.39/32,39224,IGP,10.39.22.4,,,,0,,dos_attack
BGP,2025-10-25 20:23:01.148773,ANNOUNCE,10.39.22.4,39224,192.168.0.40/32,39224,IGP,10.39.22.4,,,,0,,dos_attack
BGP,2025-10-25 20:23:01.149675,ANNOUNCE,10.39.22.4,39224,192.168.0.41/32,39224,IGP,10.39.22.4,,,,0,,dos_attack
BGP,2025-10-25 20:23:01.150620,ANNOUNCE,10.39.22.4,39224,192.168.0.42/32,39224,IGP,10.39.22.4,,,,0,,dos_attack
BGP,2025-10-25 20:23:01.151564,ANNOUNCE,10.39.22.4,39224,192.168.0.43/32,39224,IGP,10.39.22.4,,,,0,,dos_attack
BGP,2025-10-25 20:23:01.152439,ANNOUNCE,10.39.22.4,39224,192.168.0.44/32,39224,IGP,10.39.22.4,,,,0,,dos_attack
BGP,2025-10-25 20:23:01.153308,ANNOUNCE,10.39.22.4,39224,192.168.0.45/32,39224,IGP,10.39.22.4,,,,0,,dos_attack
BGP,2025-10-25 20:23:01.154194,ANNOUNCE,10.39.22.4,39224,192.168.0.46/32,39224,IGP,10.39.22.4,,,,0,,dos_attack
BGP,2025-10-25 20:23:01.155113,ANNOUNCE,10.39.22.4,39224,192.168.0.47/32,39224,IGP,10.39.22.4,,,,0,,dos_attack
BGP,2025-10-25 20:23:01.155995,ANNOUNCE,10.39.22.4,39224,192.168.0.48/32,39224,IGP,10.39.22.4,,,,0,,dos_attack
BGP,2025-10-25 20:23:01.156867,ANNOUNCE,10.39.22.4,39224,192.168.0.49/32,39224,IGP,10.39.22.4,,,,0,,dos_attack
BGP,2025-10-25 20:23:01.157797,ANNOUNCE,10.39.22.4,39224,192.168.0.50/32,39224,IGP,10.39.22.4,,,,0,,dos_attack
BGP,2025-10-25 20:23:01.158683,ANNOUNCE,10.39.22.4,39224,192.168.0.51/32,39224,IGP,10.39.22.4,,,,0,,dos_attack
BGP,2025-10-25 20:23:01.159613,ANNOUNCE,10.39.22.4,39224,192.168.0.52/32,39224,IGP,10.39.22.4,,,,0,,dos_attack
BGP,2025-10-25 20:23:01.160502,ANNOUNCE,10.39.22.4,39224,192.168.0.53/32,39224,IGP,10.39.22.4,,,,0,,dos_attack
BGP,2025-10-25 20:23:01.161433,ANNOUNCE,10.39.22.4,39224,192.168.0.54/32,39224,IGP,10.39.22.4,,,,0,,dos_attack
BGP,2025-10-25 20:23:01.162338,ANNOUNCE,10.39.22.4,39224,192.168.0.55/32,39224,IGP,10.39.22.4,,,,0,,dos_attack
BGP,2025-10-25 20:23:01.163240,ANNOUNCE,10.39.22.4,39224,192.168.0.56/32,39224,IGP,10.39.22.4,,,,0,,dos_attack
BGP,2025-10-25 20:23:01.164200,ANNOUNCE,10.39.22.4,39224,192.168.0.57/32,39224,IGP,10.39.22.4,,,,0,,dos_attack
BGP,2025-10-25 20:23:01.165103,ANNOUNCE,10.39.22.4,39224,192.168.0.58/32,39224,IGP,10.39.22.4,,,,0,,dos_attack
BGP,2025-10-25 20:23:01.165995,ANNOUNCE,10.39.22.4,39224,192.168.0.59/32,39224,IGP,10.39.22.4,,,,0,,dos_attack
BGP,2025-10-25 20:23:01.166951,ANNOUNCE,10.39.22.4,39224,192.168.0.60/32,39224,IGP,10.39.22.4,,,,0,,dos_attack
BGP,2025-10-25 20:23:01.167874,ANNOUNCE,10.39.22.4,39224,192.168.0.61/32,39224,IGP,10.39.22.4,,,,0,,dos_attack
BGP,2025-10-25 20:23:01.168782,ANNOUNCE,10.39.22.4,39224,192.168.0.62/32,39224,IGP,10.39.22.4,,,,0,,dos_attack
BGP,2025-10-25 20:23:01.169697,ANNOUNCE,10.39.22.4,39224,192.168.0.63/32,39224,IGP,10.39.22.4,,,,0,,dos_attack
BGP,2025-10-25 20:23:01.170647,ANNOUNCE,10.39.22.4,39224,192.168.0.64/32,39224,IGP,10.39.22.4,,,,0,,dos_attack
BGP,2025-10-25 20:23:01.171548,ANNOUNCE,10.39.22.4,39224,192.168.0.65/32,39224,IGP,10.39.22.4,,,,0,,dos_attack
BGP,2025-10-25 20:23:01.172464,ANNOUNCE,10.39.22.4,39224,192.168.0.66/32,39224,IGP,10.39.22.4,,,,0,,dos_attack
BGP,2025-10-25 20:23:01.173450,ANNOUNCE,10.39.22.4,39224,192.168.0.67/32,39224,IGP,10.39.22.4,,,,0,,dos_attack
BGP,2025-10-25 20:23:01.174361,ANNOUNCE,10.39.22.4,39224,192.168.0.68/32,39224,IGP,10.39.22.4,,,,0,,dos_attack
BGP,2025-10-25 20:23:01.175264,ANNOUNCE,10.39.22.4,39224,192.168.0.69/32,39224,IGP,10.39.22.4,,,,0,,dos_attack
BGP,2025-10-25 20:23:01.176186,ANNOUNCE,10.39.22.4,39224,192.168.0.70/32,39224,IGP,10.39.22.4,,,,0,,dos_attack
BGP,2025-10-25 20:23:01.177330,ANNOUNCE,10.39.22.4,39224,192.168.0.71/32,39224,IGP,10.39.22.4,,,,0,,dos_attack
BGP,2025-10-25 20:23:01.178213,ANNOUNCE,10.39.22.4,39224,192.168.0.72/32,39224,IGP,10.39.22.4,,,,0,,dos_attack
BGP,2025-10-25 20:23:01.179078,ANNOUNCE,10.39.22.4,39224,192.168.0.73/32,39224,IGP,10.39.22.4,,,,0,,dos_attack
BGP,2025-10-25 20:23:01.179989,ANNOUNCE,10.39.22.4,39224,192.168.0.74/32,39224,IGP,10.39.22.4,,,,0,,dos_attack
BGP,2025-10-25 20:23:01.180854,ANNOUNCE,10.39.22.4,39224,192.168.0.75/32,39224,IGP,10.39.22.4,,,,0,,dos_attack
BGP,2025-10-25 20:23:01.181725,ANNOUNCE,10.39.22.4,39224,192.168.0.76/32,39224,IGP,10.39.22.4,,,,0,,dos_attack
BGP,2025-10-25 20:23:01.182580,ANNOUNCE,10.39.22.4,39224,192.168.0.77/32,39224,IGP,10.39.22.4,,,,0,,dos_attack
BGP,2025-10-25 20:23:01.183491,ANNOUNCE,10.39.22.4,39224,192.168.0.78/32,39224,IGP,10.39.22.4,,,,0,,dos_attack
BGP,2025-10-25 20:23:01.184412,ANNOUNCE,10.39.22.4,39224,192.168.0.79/32,39224,IGP,10.39.22.4,,,,0,,dos_attack
BGP,2025-10-25 20:23:01.185292,ANNOUNCE,10.39.22.4,39224,192.168.0.80/32,39224,IGP,10.39.22.4,,,,0,,dos_attack
BGP,2025-10-25 20:23:01.186223,ANNOUNCE,10.39.22.4,39224,192.168.0.81/32,39224,IGP,10.39.22.4,,,,0,,dos_attack
BGP,2025-10-25 20:23:01.187120,ANNOUNCE,10.39.22.4,39224,192.168.0.82/32,39224,IGP,10.39.22.4,,,,0,,dos_attack
BGP,2025-10-25 20:23:01.187992,ANNOUNCE,10.39.22.4,39224,192.168.0.83/32,39224,IGP,10.39.22.4,,,,0,,dos_attack
BGP,2025-10-25 20:23:01.188928,ANNOUNCE,10.39.22.4,39224,192.168.0.84/32,39224,IGP,10.39.22.4,,,,0,,dos_attack
BGP,2025-10-25 20:23:01.189859,ANNOUNCE,10.39.22.4,39224,192.168.0.85/32,39224,IGP,10.39.22.4,,,,0,,dos_attack
BGP,2025-10-25 20:23:01.190754,ANNOUNCE,10.39.22.4,39224,192.168.0.86/32,39224,IGP,10.39.22.4,,,,0,,dos_attack
BGP,2025-10-25 20:23:01.191644,ANNOUNCE,10.39.22.4,39224,192.168.0.87/32,39224,IGP,10.39.22.4,,,,0,,dos_attack
BGP,2025-10-25 20:23:01.192610,ANNOUNCE,10.39.22.4,39224,192.168.0.88/32,39224,IGP,10.39.22.4,,,,0,,dos_attack
BGP,2025-10-25 20:23:01.193496,ANNOUNCE,10.39.22.4,39224,192.168.0.89/32,39224,IGP,10.39.22.4,,,,0,,dos_attack
BGP,2025-10-25 20:23:01.194397,ANNOUNCE,10.39.22.4,39224,192.168.0.90/32,39224,IGP,10.39.22.4,,,,0,,dos_attack
BGP,2025-10-25 20:23:01.195335,ANNOUNCE,10.39.22.4,39224,192.168.0.91/32,39224,IGP,10.39.22.4,,,,0,,dos_attack
BGP,2025-10-25 20:23:01.196241,ANNOUNCE,10.39.22.4,39224,192.168.0.92/32,39224,IGP,10.39.22.4,,,,0,,dos_attack
BGP,2025-10-25 20:23:01.197154,ANNOUNCE,10.39.22.4,39224,192.168.0.93/32,39224,IGP,10.39.22.4,,,,0,,dos_attack
BGP,2025-10-25 20:23:01.198063,ANNOUNCE,10.39.22.4,39224,192.168.0.94/32,39224,IGP,10.39.22.4,,,,0,,dos_attack
BGP,2025-10-25 20:23:01.199000,ANNOUNCE,10.39.22.4,39224,192.168.0.95/32,39224,IGP,10.39.22.4,,,,0,,dos_attack
BGP,2025-10-25 20:23:01.199894,ANNOUNCE,10.39.22.4,39224,192.168.0.96/32,39224,IGP,10.39.22.4,,,,0,,dos_attack
BGP,2025-10-25 20:23:01.200812,ANNOUNCE,10.39.22.4,39224,192.168.0.97/32,39224,IGP,10.39.22.4,,,,0,,dos_attack
BGP,2025-10-25 20:23:01.201748,ANNOUNCE,10.39.22.4,39224,192.168.0.98/32,39224,IGP,10.39.22.4,,,,0,,dos_attack
BGP,2025-10-25 20:23:01.202666,ANNOUNCE,10.39.22.4,39224,192.168.0.99/32,39224,IGP,10.39.22.4,,,,0,,dos_attack
BGP,2025-10-25 20:23:01.203563,ANNOUNCE,10.39.22.4,39224,192.168.0.100/32,39224,IGP,10.39.22.4,,,,0,,dos_attack
BGP,2025-10-25 20:23:01.204525,ANNOUNCE,10.39.22.4,39224,192.168.0.101/32,39224,IGP,10.39.22.4,,,,0,,dos_attack
BGP,2025-10-25 20:23:01.205425,ANNOUNCE,10.39.22.4,39224,192.168.0.102/32,39224,IGP,10.39.22.4,,,,0,,dos_attack
BGP,2025-10-25 20:23:01.206343,ANNOUNCE,10.39.22.4,39224,192.168.0.103/32,39224,IGP,10.39.22.4,,,,0,,dos_attack
BGP,2025-10-25 20:23:01.207253,ANNOUNCE,10.39.22.4,39224,192.168.0.104/32,39224,IGP,10.39.22.4,,,,0,,dos_attack
BGP,2025-10-25 20:23:01.208210,ANNOUNCE,10.39.22.4,39224,192.168.0.105/32,39224,IGP,10.39.22.4,,,,0,,dos_attack
BGP,2025-10-25 20:23:01.209141,ANNOUNCE,10.39.22.4,39224,192.168.0.106/32,39224,IGP,10.39.22.4,,,,0,,dos_attack
BGP,2025-10-25 20:23:01.210077,ANNOUNCE,10.39.22.4,39224,192.168.0.107/32,39224,IGP,10.39.22.4,,,,0,,dos_attack
BGP,2025-10-25 20:23:01.211025,ANNOUNCE,10.39.22.4,39224,192.168.0.108/32,39224,IGP,10.39.22.4,,,,0,,dos_attack
BGP,2025-10-25 20:23:01.211930,ANNOUNCE,10.39.22.4,39224,192.168.0.109/32,39224,IGP,10.39.22.4,,,,0,,dos_attack
BGP,2025-10-25 20:23:01.212840,ANNOUNCE,10.39.22.4,39224,192.168.0.110/32,39224,IGP,10.39.22.4,,,,0,,dos_attack
BGP,2025-10-25 20:23:01.213739,ANNOUNCE,10.39.22.4,39224,192.168.0.111/32,39224,IGP,10.39.22.4,,,,0,,dos_attack
BGP,2025-10-25 20:23:01.214916,ANNOUNCE,10.39.22.4,39224,192.168.0.112/32,39224,IGP,10.39.22.4,,,,0,,dos_attack
BGP,2025-10-25 20:23:01.215838,ANNOUNCE,10.39.22.4,39224,192.168.0.113/32,39224,IGP,10.39.22.4,,,,0,,dos_attack
BGP,2025-10-25 20:23:01.216744,ANNOUNCE,10.39.22.4,39224,192.168.0.114/32,39224,IGP,10.39.22.4,,,,0,,dos_attack
BGP,2025-10-25 20:23:01.217715,ANNOUNCE,10.39.22.4,39224,192.168.0.115/32,39224,IGP,10.39.22.4,,,,0,,dos_attack
BGP,2025-10-25 20:23:01.218632,ANNOUNCE,10.39.22.4,39224,192.168.0.116/32,39224,IGP,10.39.22.4,,,,0,,dos_attack
BGP,2025-10-25 20:23:01.219538,ANNOUNCE,10.39.22.4,39224,192.168.0.117/32,39224,IGP,10.39.22.4,,,,0,,dos_attack
BGP,2025-10-25 20:23:01.220454,ANNOUNCE,10.39.22.4,39224,192.168.0.118/32,39224,IGP,10.39.22.4,,,,0,,dos_attack
BGP,2025-10-25 20:23:01.221398,ANNOUNCE,10.39.22.4,39224,192.168.0.119/32,39224,IGP,10.39.22.4,,,,0,,dos_attack
BGP,2025-10-25 20:23:01.222310,ANNOUNCE,10.39.22.4,39224,192.168.0.120/32,39224,IGP,10.39.22.4,,,,0,,dos_attack
BGP,2025-10-25 20:23:01.223226,ANNOUNCE,10.39.22.4,39224,192.168.0.121/32,39224,IGP,10.39.22.4,,,,0,,dos_attack
BGP,2025-10-25 20:23:01.224175,ANNOUNCE,10.39.22.4,39224,192.168.0.122/32,39224,IGP,10.39.22.4,,,,0,,dos_attack
BGP,2025-10-25 20:23:01.225075,ANNOUNCE,10.39.22.4,39224,192.168.0.123/32,39224,IGP,10.39.22.4,,,,0,,dos_attack
BGP,2025-10-25 20:23:01.226021,ANNOUNCE,10.39.22.4,39224,192.168.0.124/32,39224,IGP,10.39.22.4,,,,0,,dos_attack
BGP,2025-10-25 20:23:01.226946,ANNOUNCE,10.39.22.4,39224,192.168.0.125/32,39224,IGP,10.39.22.4,,,,0,,dos_attack
BGP,2025-10-25 20:23:01.227804,ANNOUNCE,10.39.22.4,39224,192.168.0.126/32,39224,IGP,10.39.22.4,,,,0,,dos_attack
BGP,2025-10-25 20:23:01.228654,ANNOUNCE,10.39.22.4,39224,192.168.0.127/32,39224,IGP,10.39.22.4,,,,0,,dos_attack
BGP,2025-10-25 20:23:01.229503,ANNOUNCE,10.39.22.4,39224,192.168.0.128/32,39224,IGP,10.39.22.4,,,,0,,dos_attack
BGP,2025-10-25 20:23:01.230401,ANNOUNCE,10.39.22.4,39224,192.168.0.129/32,39224,IGP,10.39.22.4,,,,0,,dos_attack
BGP,2025-10-25 20:23:01.231255,ANNOUNCE,10.39.22.4,39224,192.168.0.130/32,39224,IGP,10.39.22.4,,,,0,,dos_attack
BGP,2025-10-25 20:23:01.232099,ANNOUNCE,10.39.22.4,39224,192.168.0.131/32,39224,IGP,10.39.22.4,,,,0,,dos_attack
BGP,2025-10-25 20:23:01.233012,ANNOUNCE,10.39.22.4,39224,192.168.0.132/32,39224,IGP,10.39.22.4,,,,0,,dos_attack
BGP,2025-10-25 20:23:01.233925,ANNOUNCE,10.39.22.4,39224,192.168.0.133/32,39224,IGP,10.39.22.4,,,,0,,dos_attack
BGP,2025-10-25 20:23:01.234790,ANNOUNCE,10.39.22.4,39224,192.168.0.134/32,39224,IGP,10.39.22.4,,,,0,,dos_attack
BGP,2025-10-25 20:23:01.235685,ANNOUNCE,10.39.22.4,39224,192.168.0.135/32,39224,IGP,10.39.22.4,,,,0,,dos_attack
BGP,2025-10-25 20:23:01.236601,ANNOUNCE,10.39.22.4,39224,192.168.0.136/32,39224,IGP,10.39.22.4,,,,0,,dos_attack
BGP,2025-10-25 20:23:01.237495,ANNOUNCE,10.39.22.4,39224,192.168.0.137/32,39224,IGP,10.39.22.4,,,,0,,dos_attack
BGP,2025-10-25 20:23:01.238379,ANNOUNCE,10.39.22.4,39224,192.168.0.138/32,39224,IGP,10.39.22.4,,,,0,,dos_attack
BGP,2025-10-25 20:23:01.239335,ANNOUNCE,10.39.22.4,39224,192.168.0.139/32,39224,IGP,10.39.22.4,,,,0,,dos_attack
BGP,2025-10-25 20:23:01.240217,ANNOUNCE,10.39.22.4,39224,192.168.0.140/32,39224,IGP,10.39.22.4,,,,0,,dos_attack
